-0.12316752970218658,0.0460662879049778,0.049028147011995316,-0.05296817049384117,0.011660223826766014,-0.14144569635391235,0.035146214067935944,-0.08456084877252579,0.13992786407470703,-0.14264561235904694,0.18212828040122986,-0.012320073321461678,-0.19639229774475098,-0.145221546292305,-0.023095659911632538,0.07795465737581253,-0.11936729401350021,-0.1453564316034317,-0.10217870026826859,-0.08168048411607742,0.018412191420793533,0.02170521393418312,0.040390025824308395,0.03242107480764389,-0.06407038122415543,-0.3813849687576294,-0.14413490891456604,-0.10978999733924866,-0.013164585456252098,-0.04985152184963226,0.02373591437935829,0.03180593252182007,-0.21064993739128113,-0.09445317834615707,-0.05789723992347717,0.06017955020070076,0.03022720105946064,0.034964632242918015,0.14435461163520813,0.05018628388643265,-0.12443779408931732,-0.06034006550908089,0.06266985088586807,0.3247009217739105,0.19858865439891815,0.039539534598588943,-0.013815417885780334,0.005136869847774506,0.04850577935576439,-0.22071528434753418,0.01693030074238777,0.07788195461034775,0.1146206185221672,0.01765519566833973,0.1484912484884262,-0.07531183958053589,0.038139697164297104,0.020095884799957275,-0.213247150182724,0.044552627950906754,-0.024472566321492195,-0.03760155290365219,-0.049239806830883026,0.030787784606218338,0.22949059307575226,0.08497199416160583,-0.05056561902165413,-0.10850054025650024,0.20663122832775116,-0.22500194609165192,0.004203436430543661,0.03562059625983238,-0.07410416752099991,-0.13254176080226898,-0.25230568647384644,0.034871168434619904,0.40713027119636536,0.14162978529930115,-0.10059250891208649,0.10678720474243164,-0.14702704548835754,-0.08687475323677063,0.09420309960842133,-0.03498845919966698,-0.08761530369520187,0.08662650734186172,-0.1406129002571106,0.0881531685590744,0.1448090374469757,-0.002044821158051491,-0.054555948823690414,0.1609349101781845,-0.05220595747232437,0.019781600683927536,0.09252990782260895,-0.036675553768873215,-0.10227963328361511,0.05531126260757446,-0.1891266405582428,-0.00355534628033638,0.08177495747804642,-0.11600536108016968,0.012102387845516205,0.03767295181751251,-0.12343840301036835,0.052071359008550644,0.028465107083320618,-0.06001482903957367,-0.03526996076107025,0.07384505867958069,-0.1894683539867401,-0.07774359732866287,0.1174117773771286,-0.20689985156059265,0.19234980642795563,0.15974968671798706,-0.06016039848327637,0.1338610202074051,0.06215273588895798,0.03631233051419258,-0.014355858787894249,-0.038985725492239,-0.09255354851484299,-0.06061822921037674,0.026680652052164078,0.011518342420458794,0.10084885358810425,0.028372574597597122
-0.13918009400367737,0.060510993003845215,0.0468088835477829,-0.047953132539987564,-0.004194729495793581,-0.1368383914232254,0.029081624001264572,-0.08394397050142288,0.13407404720783234,-0.1526857316493988,0.17725855112075806,-0.010419857688248158,-0.1988871842622757,-0.14319702982902527,-0.04355663061141968,0.07567836344242096,-0.10800133645534515,-0.12945230305194855,-0.12085918337106705,-0.0821317657828331,0.04000583663582802,0.018592363223433495,0.05299079418182373,0.012187836691737175,-0.08801993727684021,-0.38541555404663086,-0.12768912315368652,-0.0877433717250824,-0.011454945430159569,-0.0635697990655899,0.03349941223859787,0.011590676382184029,-0.2092369645833969,-0.06477811932563782,-0.06655609607696533,0.08940886706113815,0.021235013380646706,0.04251644015312195,0.1309237778186798,0.031939782202243805,-0.1518983095884323,-0.054816193878650665,0.04513508081436157,0.31355276703834534,0.18555568158626556,0.03930794075131416,-0.0030348412692546844,-0.0012374920770525932,0.06266948580741882,-0.2248958796262741,0.014228864572942257,0.07896839827299118,0.07521823793649673,0.002711314707994461,0.16927005350589752,-0.06148116663098335,0.0287550687789917,0.05324334651231766,-0.1967741996049881,0.03325996175408363,-0.02374604530632496,-0.03480112552642822,-0.049486566334962845,0.01895216852426529,0.1968066245317459,0.08296176046133041,-0.05892825871706009,-0.0918603464961052,0.21498583257198334,-0.231745183467865,0.025503035634756088,0.0403059720993042,-0.04278096556663513,-0.14827033877372742,-0.24877679347991943,0.022512424737215042,0.4309147894382477,0.1530405431985855,-0.07863885909318924,0.09884127229452133,-0.13838201761245728,-0.08084037899971008,0.10071618854999542,-0.043437324464321136,-0.09811721742153168,0.11225418746471405,-0.14871393144130707,0.10768137872219086,0.15719260275363922,-0.002115832641720772,-0.03855278342962265,0.169481560587883,-0.04094725102186203,0.01590687967836857,0.08044096827507019,-0.032368652522563934,-0.11871406435966492,0.05059317126870155,-0.17287616431713104,0.00485287606716156,0.09365326166152954,-0.14982765913009644,0.010374846868216991,0.01863807812333107,-0.12637057900428772,0.0699291005730629,0.03196518123149872,-0.04594053700566292,-0.03531026840209961,0.07682373374700546,-0.18275608122348785,-0.0553731732070446,0.1151328831911087,-0.21416990458965302,0.19939742982387543,0.17191186547279358,-0.06013800576329231,0.14561399817466736,0.07902860641479492,0.025083081796765327,-0.004586461931467056,-0.049676962196826935,-0.08344355970621109,-0.08068481087684631,0.004413347225636244,0.0009370837360620499,0.10351242870092392,0.027989812195301056
-0.1312548816204071,0.05454966425895691,0.039546336978673935,-0.04210183024406433,0.02772720344364643,-0.1489822119474411,0.048268113285303116,-0.09004250913858414,0.14652979373931885,-0.12399137020111084,0.2007085382938385,-0.000382476020604372,-0.18146440386772156,-0.15349532663822174,0.008221432566642761,0.09979107230901718,-0.10278977453708649,-0.12908214330673218,-0.12857592105865479,-0.07775171101093292,0.03760000690817833,0.013966443948447704,0.06567081809043884,0.03962966427206993,-0.06320004910230637,-0.38257139921188354,-0.11293261498212814,-0.11424850672483444,0.011864041909575462,-0.05117446184158325,0.0460202656686306,0.014921159483492374,-0.20041389763355255,-0.08061084151268005,-0.05148780345916748,0.04349827021360397,0.0044772690162062645,0.021588537842035294,0.16497080028057098,0.035526715219020844,-0.14580821990966797,-0.07306299358606339,0.048893097788095474,0.2936559319496155,0.18898135423660278,0.015962369740009308,0.018846936523914337,-0.0006079338490962982,0.039915673434734344,-0.23280012607574463,0.017246773466467857,0.05731942877173424,0.11351294070482254,0.025537483394145966,0.15163353085517883,-0.050647638738155365,0.03816895931959152,0.01689821667969227,-0.21101702749729156,0.037001561373472214,-0.0035992800258100033,-0.025575468316674232,-0.08242032676935196,0.03453446924686432,0.20861904323101044,0.06635106354951859,-0.07701214402914047,-0.07604221254587173,0.1624222695827484,-0.21039411425590515,0.016419673338532448,0.06489357352256775,-0.06640063971281052,-0.15486110746860504,-0.26078712940216064,0.03798002004623413,0.40591540932655334,0.133196622133255,-0.11866743862628937,0.05631832405924797,-0.1409580558538437,-0.05698857456445694,0.0899190753698349,-0.047646183520555496,-0.08589255809783936,0.06038472428917885,-0.1382266879081726,0.08220565319061279,0.13557370007038116,-0.01269998587667942,-0.05769636482000351,0.1699882298707962,-0.026775287464261055,0.0016095424070954323,0.05392114073038101,0.009573625400662422,-0.08112227916717529,0.020732492208480835,-0.15738655626773834,-0.015669018030166626,0.09939175844192505,-0.09229584038257599,0.003343216609209776,0.02387356013059616,-0.1405564397573471,0.0775727704167366,0.03171321004629135,-0.0583861842751503,-0.0038491012528538704,0.08586955070495605,-0.18522149324417114,-0.09411648660898209,0.09015955030918121,-0.18033060431480408,0.1679365634918213,0.18429034948349,-0.05670899897813797,0.11940602958202362,0.03902686387300491,0.03171461075544357,-0.02812914364039898,-0.03060145676136017,-0.06969128549098969,-0.06957641243934631,0.02604730799794197,0.03331407532095909,0.07790269702672958,0.0006212498992681503
-0.13413523137569427,0.05663779005408287,0.04182107746601105,-0.04135971516370773,-0.004204305820167065,-0.13221479952335358,0.008869878947734833,-0.07583654671907425,0.12533290684223175,-0.1347268670797348,0.17128390073776245,-0.017657389864325523,-0.1898079514503479,-0.14434826374053955,-0.02419588342308998,0.08935157209634781,-0.09427002817392349,-0.13648615777492523,-0.12732604146003723,-0.07687678188085556,0.035619914531707764,0.03338804468512535,0.06479757279157639,0.010060686618089676,-0.07639167457818985,-0.39692598581314087,-0.12780852615833282,-0.09969042241573334,-0.024059832096099854,-0.05897514522075653,0.024501275271177292,0.002877966733649373,-0.19837844371795654,-0.08142559975385666,-0.039087727665901184,0.08254452794790268,0.025046328082680702,0.034108325839042664,0.1364811658859253,0.0427539125084877,-0.1401328295469284,-0.043134719133377075,0.06222524866461754,0.31901925802230835,0.19220441579818726,0.04173261672258377,0.005354244261980057,-0.010896784253418446,0.04850418120622635,-0.20805782079696655,0.03431185334920883,0.06380771845579147,0.09176520258188248,0.003040540963411331,0.17131391167640686,-0.03967675566673279,0.04280729219317436,0.03474138677120209,-0.20220670104026794,0.04035094752907753,0.004667758475989103,-0.021019862964749336,-0.07371226698160172,0.018443536013364792,0.20443037152290344,0.07991145551204681,-0.051439277827739716,-0.10478757321834564,0.17951816320419312,-0.2148990035057068,0.017357153818011284,0.053846120834350586,-0.06591547280550003,-0.14061439037322998,-0.24274788796901703,0.0182456336915493,0.4405147135257721,0.1395629644393921,-0.10802856087684631,0.0801936611533165,-0.11773090064525604,-0.07955612987279892,0.1083264872431755,-0.04307499900460243,-0.08646947145462036,0.09405280649662018,-0.14833611249923706,0.11491356045007706,0.15857279300689697,-0.006889611482620239,-0.053549595177173615,0.15624448657035828,-0.027600625529885292,0.005794954486191273,0.08801712095737457,-0.022642314434051514,-0.10060622543096542,0.03666062280535698,-0.1788116693496704,-0.02339346334338188,0.10121933370828629,-0.12090761959552765,0.005784898530691862,0.011937830597162247,-0.11688641458749771,0.06369736045598984,0.027955640107393265,-0.0546412393450737,-0.027736200019717216,0.07359535992145538,-0.1814820021390915,-0.06469030678272247,0.1165914312005043,-0.18770596385002136,0.1669667810201645,0.1605037897825241,-0.05190929025411606,0.12402927875518799,0.05862446874380112,0.035944726318120956,-0.01644165813922882,-0.02973777987062931,-0.08563995361328125,-0.07263186573982239,0.0023792474530637264,0.026746388524770737,0.1204863116145134,0.02334030531346798
-0.10607454925775528,0.04458646848797798,0.02547142654657364,-0.07140195369720459,-0.005389262922108173,-0.13302943110466003,0.014805218204855919,-0.08065132051706314,0.14586353302001953,-0.15408708155155182,0.19444429874420166,-0.024098489433526993,-0.20837584137916565,-0.13695216178894043,-0.0513993501663208,0.08612838387489319,-0.13392457365989685,-0.14360526204109192,-0.13484904170036316,-0.08712877333164215,0.0361819714307785,0.01781080849468708,0.05271608382463455,0.03263891115784645,-0.09543055295944214,-0.38760989904403687,-0.13074755668640137,-0.09897051751613617,-0.0056650759652256966,-0.09264946728944778,0.0393172912299633,0.012174077332019806,-0.21797733008861542,-0.07925797253847122,-0.06557075679302216,0.05089747905731201,0.014898069202899933,0.016731223091483116,0.12969079613685608,0.049124155193567276,-0.1503092348575592,-0.03668999671936035,0.06486377865076065,0.31603434681892395,0.18338927626609802,0.048619430512189865,-0.00019905157387256622,0.004465886391699314,0.05165967345237732,-0.22600057721138,-0.0012833531945943832,0.0879959911108017,0.0894525870680809,0.002612442709505558,0.14494551718235016,-0.04588278383016586,0.03841641545295715,0.061883993446826935,-0.2077944427728653,0.05219394713640213,0.0032108076848089695,-0.024819960817694664,-0.06063907593488693,0.039269935339689255,0.19577698409557343,0.07779619097709656,-0.06489156931638718,-0.10522174835205078,0.18383419513702393,-0.23835964500904083,0.006452651694417,0.04245127737522125,-0.05896680802106857,-0.15268005430698395,-0.243501678109169,0.004943410865962505,0.4216647148132324,0.14100901782512665,-0.07659503072500229,0.10277404636144638,-0.13360103964805603,-0.06353417783975601,0.09887119382619858,-0.045152440667152405,-0.09585511684417725,0.09304113686084747,-0.1541467010974884,0.10762330144643784,0.15832506120204926,-0.0003516124561429024,-0.04330240562558174,0.17312268912792206,-0.0346982404589653,0.0019701942801475525,0.07969854772090912,-0.025784095749258995,-0.12463781237602234,0.04113677889108658,-0.16625112295150757,0.0030658841133117676,0.08078470826148987,-0.10318895429372787,-0.003153526224195957,0.0064741140231490135,-0.10022315382957458,0.06956890970468521,0.029901467263698578,-0.055020660161972046,-0.031177356839179993,0.08780553936958313,-0.18046768009662628,-0.08618318289518356,0.10289197415113449,-0.2075464278459549,0.1730620563030243,0.1847449690103531,-0.029696932062506676,0.11979185789823532,0.07937131822109222,0.013826875016093254,-0.00682599563151598,-0.02980371005833149,-0.09092036634683609,-0.08475042879581451,0.005045576952397823,-0.0004609772004187107,0.1102801188826561,-0.0009475927799940109
-0.14616797864437103,0.04225606471300125,0.04481799900531769,-0.06815385073423386,-0.0008095857920125127,-0.13769669830799103,0.02995409071445465,-0.08590255677700043,0.12435171753168106,-0.15143853425979614,0.18835552036762238,-0.025094877928495407,-0.20844916999340057,-0.14822813868522644,-0.043985940515995026,0.08702877163887024,-0.10592132061719894,-0.14141371846199036,-0.1374506652355194,-0.06785305589437485,0.060915589332580566,0.009736861102283001,0.05343792587518692,0.014508383348584175,-0.11603393405675888,-0.40207627415657043,-0.1334320455789566,-0.07593350857496262,-0.037115905433893204,-0.0789455994963646,0.050123147666454315,0.00605472456663847,-0.21719175577163696,-0.061407655477523804,-0.07495802640914917,0.06768976897001266,0.04255027696490288,0.011049730703234673,0.13208073377609253,0.054439790546894073,-0.17593389749526978,-0.04991718381643295,0.0647960677742958,0.3011404573917389,0.17400333285331726,0.03980164974927902,0.0017651505768299103,-0.005600736476480961,0.058770306408405304,-0.22101527452468872,0.015153702348470688,0.06932485103607178,0.06270257383584976,0.00042356178164482117,0.15108774602413177,-0.03031115233898163,0.03674323856830597,0.06798677891492844,-0.20256982743740082,0.032940350472927094,-0.008757689967751503,-0.028808189556002617,-0.06902951002120972,0.012739228084683418,0.1791839748620987,0.09096585214138031,-0.06650595366954803,-0.08340045064687729,0.21012289822101593,-0.21770966053009033,0.006349340081214905,0.02541336789727211,-0.05992406606674194,-0.1521117091178894,-0.26425454020500183,0.028267784044146538,0.4318794012069702,0.14457136392593384,-0.10019385069608688,0.07045713067054749,-0.12542489171028137,-0.05589686706662178,0.11531545966863632,-0.026830963790416718,-0.08648841828107834,0.09695393592119217,-0.13861608505249023,0.10756473243236542,0.16909249126911163,0.015324031002819538,-0.04667641222476959,0.18382073938846588,-0.020124660804867744,0.0057998960837721825,0.08278729766607285,-0.013387149199843407,-0.11468680948019028,0.04003562033176422,-0.17174629867076874,0.012567668221890926,0.10067514330148697,-0.11321746557950974,0.0010165255516767502,0.03552680090069771,-0.10717397183179855,0.06590625643730164,0.04143442586064339,-0.060725513845682144,-0.015866780653595924,0.09196558594703674,-0.17002524435520172,-0.09366503357887268,0.07691583037376404,-0.18683387339115143,0.16221089661121368,0.18771995604038239,-0.0436774343252182,0.12463437765836716,0.08236099779605865,0.034486036747694016,0.00010135676711797714,-0.023231949657201767,-0.08993804454803467,-0.08000469207763672,0.021128728985786438,0.015170592814683914,0.1012749895453453,0.009558720514178276
-0.14211533963680267,0.06879371404647827,0.04556918144226074,-0.050766363739967346,0.0012748517328873277,-0.13777494430541992,0.010980712249875069,-0.08569665998220444,0.14086325466632843,-0.12674374878406525,0.19044871628284454,-0.013625577092170715,-0.1984458863735199,-0.151232048869133,-0.03429141640663147,0.09363200515508652,-0.10368314385414124,-0.14989681541919708,-0.12895502150058746,-0.07944349199533463,0.03678562864661217,0.017953157424926758,0.058442581444978714,0.02524869330227375,-0.08312851935625076,-0.3935527205467224,-0.13616697490215302,-0.09212211519479752,-0.034514203667640686,-0.0817558541893959,0.04370489716529846,0.00836002267897129,-0.207977294921875,-0.08364744484424591,-0.06412490457296371,0.07740133255720139,0.03625785559415817,0.02362869307398796,0.1333910971879959,0.043386880308389664,-0.1532859355211258,-0.07004107534885406,0.04741328954696655,0.3116632401943207,0.1837085783481598,0.03180054575204849,-0.008489049971103668,0.009773962199687958,0.029787596315145493,-0.21298149228096008,0.021997377276420593,0.0827731192111969,0.07562638074159622,0.007071438245475292,0.15458793938159943,-0.041741158813238144,0.03700127452611923,0.038955338299274445,-0.19692029058933258,0.009848217479884624,-0.0027435235679149628,-0.02767978608608246,-0.06990028917789459,0.014373491518199444,0.21197645366191864,0.10463475435972214,-0.05643133819103241,-0.10550588369369507,0.20847603678703308,-0.20602959394454956,-0.0025588246062397957,0.0345585010945797,-0.0682361051440239,-0.1338619738817215,-0.2699767053127289,0.024753838777542114,0.4316351115703583,0.12687188386917114,-0.12104468792676926,0.07247765362262726,-0.1421615183353424,-0.05887819826602936,0.09088043868541718,-0.057576023042201996,-0.09433360397815704,0.10663916915655136,-0.15854038298130035,0.0881604254245758,0.1512284129858017,0.016637932509183884,-0.0699409618973732,0.15355390310287476,-0.031756699085235596,0.008444750681519508,0.1128687635064125,-0.009545995853841305,-0.0864734798669815,0.031707920134067535,-0.1946958601474762,0.0010329545475542545,0.09457425028085709,-0.11578448116779327,-0.015687245875597,0.03313788026571274,-0.09815751761198044,0.06529215723276138,0.05178133770823479,-0.056185245513916016,-0.04258089140057564,0.10060200095176697,-0.19957217574119568,-0.08789903670549393,0.12149997055530548,-0.18897640705108643,0.17942489683628082,0.16598699986934662,-0.050801657140254974,0.12440802156925201,0.07443439215421677,0.051258645951747894,-0.03299425542354584,-0.035017792135477066,-0.07884427905082703,-0.0849798247218132,0.009647542610764503,0.01820247992873192,0.10434921085834503,0.03398232161998749
-0.15068945288658142,0.07276995480060577,0.045253582298755646,-0.06205572560429573,-0.00040957960300147533,-0.12531320750713348,0.01962995156645775,-0.09268876910209656,0.13144779205322266,-0.12713956832885742,0.18956857919692993,0.014970490708947182,-0.19242793321609497,-0.1382080316543579,-0.0498230867087841,0.07094787806272507,-0.11606890708208084,-0.13871777057647705,-0.13755078613758087,-0.07854080945253372,0.04150852933526039,0.022165626287460327,0.056121163070201874,0.018032316118478775,-0.08230184763669968,-0.3910104036331177,-0.1364719122648239,-0.09255160391330719,-0.017805587500333786,-0.06274974346160889,0.046435900032520294,-0.010956580750644207,-0.20903874933719635,-0.0778469666838646,-0.05913609266281128,0.062320731580257416,0.020814748480916023,0.021087907254695892,0.12614859640598297,0.039102911949157715,-0.13378003239631653,-0.03860253468155861,0.038215119391679764,0.32315880060195923,0.20455984771251678,0.04178006574511528,0.005661217495799065,-0.008728689514100552,0.057367004454135895,-0.21777793765068054,0.014192498289048672,0.08037277311086655,0.05987551808357239,0.0005743615329265594,0.15735885500907898,-0.047810837626457214,0.025640279054641724,0.056704312562942505,-0.2084762006998062,0.03879689797759056,-0.022711236029863358,-0.045009925961494446,-0.05512798950076103,-0.0034898105077445507,0.19573166966438293,0.10081637650728226,-0.06302458792924881,-0.11589325219392776,0.21215113997459412,-0.2193378061056137,0.009254518896341324,0.020873472094535828,-0.06518499553203583,-0.14195965230464935,-0.25030258297920227,0.02353201061487198,0.43456345796585083,0.15183711051940918,-0.09134338051080704,0.08972492814064026,-0.1578628569841385,-0.06676924228668213,0.08470512181520462,-0.052305299788713455,-0.09248726069927216,0.09135705232620239,-0.14995409548282623,0.09519535303115845,0.16504758596420288,0.0141600351780653,-0.06438861787319183,0.17509900033473969,-0.04884479194879532,-0.0005912650376558304,0.09883423149585724,-0.019572664052248,-0.1281004250049591,0.046471673995256424,-0.18213139474391937,-0.0015255026519298553,0.06980260461568832,-0.12698020040988922,0.015890128910541534,0.026549752801656723,-0.10027150809764862,0.07180634140968323,0.02596038207411766,-0.03293595463037491,-0.04115844890475273,0.06644875556230545,-0.19310885667800903,-0.06578156352043152,0.11987798660993576,-0.19817745685577393,0.2049776166677475,0.16884692013263702,-0.030765289440751076,0.13977158069610596,0.08413738757371902,0.02217601239681244,-0.018924254924058914,-0.025604167953133583,-0.08812768012285233,-0.07552081346511841,0.004783846903592348,0.012965374626219273,0.11794447153806686,0.030027512460947037
-0.11883814632892609,0.07275239378213882,0.04250399023294449,-0.05368659272789955,-0.006834434345364571,-0.11218085885047913,0.012272723950445652,-0.0748542994260788,0.15947650372982025,-0.145119309425354,0.1798001229763031,0.021927988156676292,-0.2065126597881317,-0.14232845604419708,-0.03888898715376854,0.0946856364607811,-0.11906227469444275,-0.1379113644361496,-0.13776201009750366,-0.0628681555390358,0.035570088773965836,0.025563806295394897,0.05348363146185875,0.006422169040888548,-0.06945295631885529,-0.406312495470047,-0.1328039914369583,-0.07727005332708359,-0.030261989682912827,-0.070627361536026,0.043035779148340225,0.0013341449666768312,-0.2066938430070877,-0.08739428222179413,-0.04412444680929184,0.062186628580093384,0.00939361285418272,0.029468858614563942,0.1333843618631363,0.05360359698534012,-0.13705755770206451,-0.032200105488300323,0.050031378865242004,0.32858648896217346,0.19479069113731384,0.05177753046154976,0.00449659489095211,-0.008984963409602642,0.06396858394145966,-0.21734051406383514,0.02713942900300026,0.07957012206315994,0.07705454528331757,0.021845780313014984,0.16824795305728912,-0.06033387780189514,0.042286813259124756,0.059276945888996124,-0.203702911734581,0.03174732252955437,-0.011831083334982395,-0.03532487899065018,-0.045623645186424255,0.025951266288757324,0.18972954154014587,0.07215765118598938,-0.049066394567489624,-0.11614073812961578,0.18630443513393402,-0.20789198577404022,0.022468451410531998,0.02619127184152603,-0.0759495422244072,-0.14104802906513214,-0.25303107500076294,0.015260091051459312,0.44956696033477783,0.15238283574581146,-0.08007702231407166,0.07796985656023026,-0.14188607037067413,-0.08630409836769104,0.0807701125741005,-0.05270960554480553,-0.08673448860645294,0.07788208872079849,-0.14121322333812714,0.11575449258089066,0.15763235092163086,0.011269890703260899,-0.054605212062597275,0.17185460031032562,-0.031223459169268608,-0.004396652337163687,0.07357142120599747,-0.04018457978963852,-0.1152455285191536,0.0543859638273716,-0.18126249313354492,-0.015314820222556591,0.05786685273051262,-0.12089921534061432,0.01787768304347992,0.01900229975581169,-0.1274271160364151,0.07292632758617401,0.04081717133522034,-0.037186600267887115,-0.03521375730633736,0.08964207768440247,-0.2005932480096817,-0.06763161718845367,0.11341364681720734,-0.20252780616283417,0.19706499576568604,0.17836904525756836,-0.023707471787929535,0.1312071532011032,0.0621674470603466,0.02554565854370594,-0.014847767539322376,-0.03617739677429199,-0.08248373121023178,-0.07371453195810318,-0.004215935245156288,0.031193528324365616,0.1216689869761467,0.029737431555986404
-0.156773179769516,0.0727740004658699,0.05162758007645607,-0.04472901299595833,-0.002997323404997587,-0.1410471498966217,0.020049825310707092,-0.09716230630874634,0.12680135667324066,-0.13981594145298004,0.19734074175357819,-0.007506752852350473,-0.21297723054885864,-0.13383904099464417,-0.05858777463436127,0.10474243015050888,-0.1118503138422966,-0.1339208483695984,-0.1371011584997177,-0.07887673377990723,0.042453616857528687,0.03190673887729645,0.04705997183918953,0.014706665650010109,-0.06302881985902786,-0.3972680866718292,-0.1175197884440422,-0.08237572014331818,-0.05649375542998314,-0.043604154139757156,0.045365843921899796,0.009328808635473251,-0.2132837474346161,-0.07915853708982468,-0.04798934608697891,0.08281376957893372,0.034880585968494415,0.044981442391872406,0.13418510556221008,0.0288971159607172,-0.14309605956077576,-0.05668795108795166,0.07475554198026657,0.3164467513561249,0.17248032987117767,0.03839991241693497,0.009529431350529194,-0.017372973263263702,0.0499783419072628,-0.2114233523607254,0.006280038505792618,0.06684855371713638,0.08346004039049149,0.0011264001950621605,0.1555566042661667,-0.0690288096666336,0.027661804109811783,0.0640864297747612,-0.1913948655128479,0.028300870209932327,-0.009502943605184555,-0.038566723465919495,-0.06225143373012543,0.013161661103367805,0.21755348145961761,0.08408932387828827,-0.06856372952461243,-0.09814105927944183,0.20694582164287567,-0.20603804290294647,0.007534764241427183,0.025135787203907967,-0.06566937267780304,-0.14560216665267944,-0.28009068965911865,0.01567637361586094,0.4489290118217468,0.12369123846292496,-0.10441233217716217,0.0717887282371521,-0.13638144731521606,-0.06863199919462204,0.10239063948392868,-0.041544679552316666,-0.09022101014852524,0.09983911365270615,-0.15876391530036926,0.10284862667322159,0.16957518458366394,0.012697071768343449,-0.059002019464969635,0.1600991189479828,-0.03343997895717621,0.0022988105192780495,0.08120565861463547,-0.014746669679880142,-0.11146020144224167,0.035517193377017975,-0.19898632168769836,4.6534463763237e-05,0.06354789435863495,-0.11998060345649719,-0.001224030740559101,0.026171930134296417,-0.11419329792261124,0.04451989382505417,0.03061486780643463,-0.04855145886540413,-0.053790055215358734,0.08112601190805435,-0.18699443340301514,-0.06925635039806366,0.11110228300094604,-0.1835576742887497,0.1841832548379898,0.1684427261352539,-0.0487401969730854,0.14311978220939636,0.07507514953613281,0.02743161842226982,-0.01823601685464382,-0.03732651472091675,-0.09620583802461624,-0.08233271539211273,0.015384312719106674,0.01639992743730545,0.12673591077327728,0.02887709066271782
-0.14724251627922058,0.07150913774967194,0.055794842541217804,-0.057315852493047714,-0.006086513865739107,-0.1402740776538849,0.015886571258306503,-0.09123241901397705,0.14356133341789246,-0.14347954094409943,0.1866232305765152,0.0036259519401937723,-0.20263950526714325,-0.14628669619560242,-0.029804999008774757,0.1016460657119751,-0.12850789725780487,-0.12752149999141693,-0.12528160214424133,-0.08470618724822998,0.043827783316373825,0.012402812950313091,0.04902501031756401,0.014446582645177841,-0.07721966505050659,-0.39235472679138184,-0.1446089893579483,-0.08346179872751236,-0.03990466892719269,-0.06475315988063812,0.049029335379600525,0.007653328590095043,-0.20477917790412903,-0.08744928985834122,-0.061818163841962814,0.06277919560670853,0.03001665323972702,0.025469092652201653,0.11370150744915009,0.036705292761325836,-0.12657438218593597,-0.04489089548587799,0.04978714510798454,0.3081049621105194,0.18828824162483215,0.039258405566215515,0.017091715708374977,-0.0060592470690608025,0.05434118211269379,-0.21650466322898865,0.0019778013229370117,0.07464747130870819,0.061570800840854645,0.008145338855683804,0.1598629504442215,-0.044252216815948486,0.03754651919007301,0.053411323577165604,-0.20362107455730438,0.03419949859380722,0.001958658453077078,-0.04410553723573685,-0.05598339065909386,0.02678520977497101,0.2055133730173111,0.0945277214050293,-0.0641399398446083,-0.10369139164686203,0.19532620906829834,-0.2069297730922699,0.007110176607966423,0.0046113645657896996,-0.0730896070599556,-0.1440591961145401,-0.26754283905029297,0.0264578890055418,0.43327048420906067,0.1394730806350708,-0.09898076206445694,0.08623868227005005,-0.15104152262210846,-0.06707702577114105,0.09596258401870728,-0.0346265472471714,-0.07927878201007843,0.08801138401031494,-0.14887632429599762,0.10669882595539093,0.15598158538341522,0.0048046838492155075,-0.047139063477516174,0.18044504523277283,-0.03034287504851818,0.0029090559110045433,0.08187542110681534,-0.02345009706914425,-0.11446061730384827,0.036437585949897766,-0.17847034335136414,0.0010172235779464245,0.07075474411249161,-0.11508359760046005,0.003605357836931944,0.020176297053694725,-0.10084591060876846,0.0669126883149147,0.032781291753053665,-0.04229163005948067,-0.05926892161369324,0.07353805005550385,-0.19138994812965393,-0.07009052485227585,0.10347721725702286,-0.18686828017234802,0.18665020167827606,0.1787339150905609,-0.050767652690410614,0.13692918419837952,0.06796479970216751,0.035933032631874084,-0.015939835458993912,-0.03381478413939476,-0.06598664075136185,-0.07364051043987274,0.007127916906028986,0.023015841841697693,0.10814551264047623,0.02423575334250927
-0.1507597416639328,0.09043429046869278,0.041797198355197906,-0.04982258751988411,-0.007147915195673704,-0.11695237457752228,0.015823761001229286,-0.07714452594518661,0.15475256741046906,-0.15157516300678253,0.18511782586574554,-0.012003583833575249,-0.21239857375621796,-0.1396310180425644,-0.04349847510457039,0.08806066960096359,-0.12589594721794128,-0.14536671340465546,-0.11729928106069565,-0.08635412156581879,0.052736636251211166,0.010483721271157265,0.0352729931473732,0.024830324575304985,-0.09812882542610168,-0.40609776973724365,-0.13904687762260437,-0.10058337450027466,-0.02952824905514717,-0.079464852809906,0.029957327991724014,0.0028532466385513544,-0.20299163460731506,-0.07817282527685165,-0.07828131318092346,0.07357761263847351,0.03620128333568573,0.02986375242471695,0.09947226196527481,0.0488753467798233,-0.13108833134174347,-0.05402828007936478,0.04810619726777077,0.32865604758262634,0.19013138115406036,0.04955165088176727,0.0063569191843271255,0.006165027618408203,0.05261363089084625,-0.21245458722114563,-0.012158602476119995,0.08507713675498962,0.07255016267299652,0.018192211166024208,0.1484316885471344,-0.06186296045780182,0.03184732049703598,0.0387897863984108,-0.20517496764659882,0.031527578830718994,-0.020004304125905037,-0.02838965691626072,-0.05581288784742355,0.029016783460974693,0.21407157182693481,0.09459817409515381,-0.056299470365047455,-0.11369730532169342,0.20675763487815857,-0.22657063603401184,0.00956515222787857,0.022271372377872467,-0.07829289138317108,-0.1467137634754181,-0.251670777797699,0.027938922867178917,0.4417334794998169,0.14834176003932953,-0.07374108582735062,0.09083740413188934,-0.15408949553966522,-0.07384345680475235,0.08148708939552307,-0.04389309510588646,-0.09533637762069702,0.09875940531492233,-0.15684187412261963,0.11484237015247345,0.16385909914970398,0.0032086726278066635,-0.048037298023700714,0.16638493537902832,-0.039498187601566315,0.010603406466543674,0.08006452769041061,-0.028520148247480392,-0.12861374020576477,0.05468707159161568,-0.17377111315727234,-0.008390060625970364,0.0747031718492508,-0.12496581673622131,-0.00029715197160840034,0.01947934180498123,-0.11203118413686752,0.061109013855457306,0.038757115602493286,-0.0433349609375,-0.05781233310699463,0.0869184285402298,-0.2025553435087204,-0.06623297184705734,0.12183352559804916,-0.1981472671031952,0.18234659731388092,0.19062069058418274,-0.03099553845822811,0.136383518576622,0.08104763180017471,0.02119966596364975,-0.008769976906478405,-0.03656843677163124,-0.08282293379306793,-0.0727974995970726,0.005685661919414997,0.005104485433548689,0.09501024335622787,0.016972878947854042
-0.10274778306484222,0.08140213787555695,0.05816357582807541,-0.047010816633701324,-0.028167013078927994,-0.06152838096022606,-0.0031292717903852463,-0.055218346416950226,0.14178940653800964,-0.13787467777729034,0.19137972593307495,-0.014018681831657887,-0.19290506839752197,-0.13383157551288605,-0.01843089796602726,0.09263120591640472,-0.06239094212651253,-0.15096494555473328,-0.14841070771217346,-0.0677528902888298,0.009835025295615196,-0.009740155190229416,0.04147723689675331,0.005887595470994711,-0.09714911878108978,-0.4042935371398926,-0.10184665024280548,-0.07045095413923264,-0.03871690481901169,-0.09806307405233383,0.014324619434773922,-0.006019478663802147,-0.2166871726512909,-0.09266681969165802,-0.0658571645617485,0.05759657919406891,-0.020854244008660316,-0.0026353253051638603,0.1347983181476593,0.03249466419219971,-0.1541055142879486,-0.011004442349076271,0.03532274812459946,0.29765522480010986,0.22350871562957764,0.042850855737924576,-0.0021306388080120087,-0.01866849511861801,0.06523766368627548,-0.2378321886062622,0.03727051988244057,0.09497395157814026,0.034322209656238556,0.02649731934070587,0.1593923717737198,-0.020420536398887634,0.016450265422463417,0.05457470938563347,-0.16507069766521454,0.005176564212888479,-0.0205683633685112,-0.025579672306776047,-0.040897782891988754,-0.034868016839027405,0.1775539070367813,0.08972130715847015,-0.039601873606443405,-0.10467346012592316,0.15912185609340668,-0.18575899302959442,0.004881760571151972,0.011849291622638702,-0.07119765877723694,-0.14598335325717926,-0.2819605767726898,0.06076601892709732,0.42557939887046814,0.17249596118927002,-0.08342626690864563,0.08709538727998734,-0.1217358261346817,-0.07256081700325012,0.0784546509385109,-0.04099368304014206,-0.06823987513780594,0.04759499430656433,-0.10426396131515503,0.11998037248849869,0.15961064398288727,-0.004762656986713409,-0.04987536370754242,0.15734511613845825,-0.05410143733024597,0.002705708146095276,0.06599832326173782,-0.0028881682083010674,-0.12427659332752228,0.06752956658601761,-0.1758383810520172,0.0025623412802815437,0.08631666749715805,-0.07999996840953827,0.043282683938741684,0.04035253822803497,-0.12196681648492813,0.06237300857901573,0.020965687930583954,-0.024754250422120094,0.005646002013236284,0.08399693667888641,-0.17999404668807983,-0.0767238512635231,0.09795241057872772,-0.19830043613910675,0.17220591008663177,0.15819676220417023,-0.031959518790245056,0.11505328863859177,0.11678509414196014,0.029490681365132332,0.0022956961765885353,-0.009869039058685303,-0.0950828492641449,-0.06267333775758743,0.010553470812737942,0.06616343557834625,0.09897028654813766,0.04667859897017479
-0.13544413447380066,0.08688610792160034,0.055603668093681335,-0.04528822749853134,-0.01038780715316534,-0.09640717506408691,0.008966471999883652,-0.09386535733938217,0.14795663952827454,-0.13518066704273224,0.19206379354000092,0.021934889256954193,-0.19647599756717682,-0.15200194716453552,-0.04041392356157303,0.09752515703439713,-0.1229911521077156,-0.1561778038740158,-0.1075243204832077,-0.06507598608732224,0.04176393896341324,0.007602643687278032,0.042054273188114166,0.0016959542408585548,-0.07459226250648499,-0.4055638313293457,-0.13807852566242218,-0.08012011647224426,-0.032110486179590225,-0.0709230825304985,0.032972969114780426,0.006076285615563393,-0.21216779947280884,-0.08187424391508102,-0.05109357461333275,0.0737120658159256,0.021309373900294304,0.026540761813521385,0.11154752969741821,0.04231482744216919,-0.13293901085853577,-0.056397613137960434,0.05813665688037872,0.32382822036743164,0.17664794623851776,0.05078280717134476,0.015217836946249008,-0.01389941293746233,0.04330188035964966,-0.19413894414901733,0.020856615155935287,0.07752299308776855,0.07471898943185806,0.019737496972084045,0.1515636444091797,-0.08353887498378754,0.029318250715732574,0.03723527491092682,-0.19181634485721588,0.026279281824827194,-0.017511989921331406,-0.029158854857087135,-0.048077039420604706,0.0072315530851483345,0.2115733027458191,0.08739275485277176,-0.05320975184440613,-0.11836668848991394,0.1912076622247696,-0.18924392759799957,0.01344686932861805,0.021474137902259827,-0.0840478390455246,-0.14480248093605042,-0.26904863119125366,0.014984454959630966,0.46217501163482666,0.13751818239688873,-0.09102678298950195,0.07129451632499695,-0.14899300038814545,-0.07703469693660736,0.08712390065193176,-0.03744272515177727,-0.08919074386358261,0.10860687494277954,-0.1481146216392517,0.10584012418985367,0.15913400053977966,0.010966764762997627,-0.06645122915506363,0.1465986669063568,-0.04264027625322342,0.003307601436972618,0.0804133266210556,-0.021306728944182396,-0.10338649153709412,0.06012478098273277,-0.1920691877603531,-0.020838018506765366,0.038708463311195374,-0.12149032205343246,0.006003662012517452,0.030177710577845573,-0.11667477339506149,0.052023325115442276,0.05952875688672066,-0.03809792175889015,-0.05784151703119278,0.0870080292224884,-0.20781417191028595,-0.07473868131637573,0.11245513707399368,-0.21774612367153168,0.18518416583538055,0.18638861179351807,-0.030963970348238945,0.14715111255645752,0.07623165100812912,0.042267218232154846,-0.02233668603003025,-0.04877670109272003,-0.07568532228469849,-0.06258867681026459,0.0007684263400733471,0.028980201110243797,0.11452486366033554,0.03277086094021797
-0.1467963010072708,0.07315434515476227,0.04701510816812515,-0.04701791703701019,-0.0030748844146728516,-0.1029127687215805,0.03319016844034195,-0.09855986386537552,0.1370890885591507,-0.13129782676696777,0.1968456506729126,0.0047970181331038475,-0.21127726137638092,-0.1409987360239029,-0.03273124620318413,0.09119881689548492,-0.11042746156454086,-0.16057565808296204,-0.1199793890118599,-0.07248684763908386,0.028016431257128716,-0.0004134383052587509,0.03975990042090416,0.02796626277267933,-0.08225575089454651,-0.3889893591403961,-0.13310275971889496,-0.09059332311153412,-0.03735179454088211,-0.06487210094928741,0.03250303864479065,-0.0026846725959330797,-0.20440495014190674,-0.08017776906490326,-0.054392799735069275,0.06539151817560196,0.0284636951982975,0.007641426287591457,0.13145911693572998,0.022763283923268318,-0.1463320106267929,-0.06473962217569351,0.07597261667251587,0.3116585910320282,0.16894902288913727,0.019664237275719643,0.0030091851949691772,-0.009517734870314598,0.04317788779735565,-0.22427722811698914,0.02215159311890602,0.06784254312515259,0.08316764235496521,0.010157591663300991,0.15218189358711243,-0.07344464212656021,0.028688589110970497,0.05011807382106781,-0.21001577377319336,0.035215266048908234,-0.024178553372621536,-0.024379434064030647,-0.0558994859457016,0.005400035064667463,0.20329371094703674,0.11037793755531311,-0.06302820891141891,-0.118600994348526,0.19332636892795563,-0.20173080265522003,0.009148051962256432,0.03909431770443916,-0.067927785217762,-0.16390259563922882,-0.2689155638217926,0.030110709369182587,0.465556800365448,0.15645845234394073,-0.09643568098545074,0.07816717028617859,-0.15402007102966309,-0.08559337258338928,0.08532919734716415,-0.04583973437547684,-0.09335842728614807,0.1009640246629715,-0.15517015755176544,0.11343050748109818,0.16100497543811798,0.022722899913787842,-0.07191874086856842,0.16004329919815063,-0.04043395072221756,0.004968048073351383,0.08634971082210541,0.006569191347807646,-0.10821036994457245,0.051777858287096024,-0.1983790546655655,-0.01248640101402998,0.06821661442518234,-0.10911735147237778,0.015565655194222927,0.035303276032209396,-0.11898905783891678,0.05322534218430519,0.0493377186357975,-0.053239427506923676,-0.044853296130895615,0.0839826762676239,-0.19628506898880005,-0.06315826624631882,0.11107660830020905,-0.21849285066127777,0.16954846680164337,0.16539321839809418,-0.03145577386021614,0.13815534114837646,0.07818175107240677,0.017411494627594948,-0.007200956344604492,-0.057429034262895584,-0.08916647732257843,-0.06316807121038437,0.01603350043296814,0.014558764174580574,0.12023849040269852,0.03627618029713631
-0.15658417344093323,0.06589137762784958,0.06143074110150337,-0.03620972856879234,-0.025571653619408607,-0.11618395149707794,0.023424839600920677,-0.08971120417118073,0.14462199807167053,-0.1418371945619583,0.1789127141237259,0.0009538820013403893,-0.19537480175495148,-0.14991837739944458,-0.032907795161008835,0.11801938712596893,-0.11998539417982101,-0.13555791974067688,-0.12787671387195587,-0.08090806007385254,0.04120120406150818,0.011613319627940655,0.04979163035750389,0.0022003869526088238,-0.08747708797454834,-0.39218756556510925,-0.12098611891269684,-0.10096710920333862,-0.028266774490475655,-0.05903177335858345,0.031980033963918686,0.006922541651874781,-0.21587766706943512,-0.0865500345826149,-0.04756937175989151,0.05340748280286789,0.045084528625011444,0.026622280478477478,0.1109086200594902,0.016711562871932983,-0.14125607907772064,-0.05921002849936485,0.07157434523105621,0.28168901801109314,0.17568284273147583,0.03917611017823219,-0.0007184017449617386,-0.00626980047672987,0.06010875478386879,-0.19560305774211884,0.012477983720600605,0.05447416752576828,0.071173295378685,0.008060624822974205,0.17137286067008972,-0.0627361610531807,0.03642548620700836,0.0432710200548172,-0.20562207698822021,0.028265178203582764,-0.015004878863692284,-0.023623254150152206,-0.05761916562914848,0.014343050308525562,0.1874760389328003,0.08101289719343185,-0.0384613536298275,-0.1160823255777359,0.20174862444400787,-0.19517548382282257,0.029501382261514664,0.014634901657700539,-0.07663805782794952,-0.1384376734495163,-0.2676123380661011,0.006204200908541679,0.4376244843006134,0.14364366233348846,-0.09205334633588791,0.07397536188364029,-0.13570325076580048,-0.0857570618391037,0.07870124280452728,-0.05074473097920418,-0.07348895817995071,0.08403186500072479,-0.12753763794898987,0.10867109894752502,0.1512823849916458,0.004176802933216095,-0.038324639201164246,0.17190559208393097,-0.04193411022424698,-0.02144065499305725,0.05776884779334068,-0.03808541223406792,-0.11599940806627274,0.050636835396289825,-0.16856470704078674,-0.016533048823475838,0.06349539756774902,-0.11612441390752792,0.02157500945031643,0.0288243405520916,-0.12907259166240692,0.035696715116500854,0.03193565458059311,-0.03726739436388016,-0.05186452716588974,0.09157975763082504,-0.19793859124183655,-0.0671062096953392,0.10260246694087982,-0.18071141839027405,0.19431748986244202,0.17793069779872894,-0.04799291864037514,0.1259361356496811,0.05516719073057175,0.027007795870304108,-0.005889701656997204,-0.028422825038433075,-0.07348357886075974,-0.07337429374456406,0.015319338999688625,-0.001452561467885971,0.10169589519500732,0.038644831627607346
-0.1609644889831543,0.06829426437616348,0.05238892138004303,-0.037160590291023254,-0.007412055507302284,-0.11838556081056595,0.03716828674077988,-0.07979881763458252,0.16450241208076477,-0.14373989403247833,0.18727155029773712,-0.003566710278391838,-0.18870946764945984,-0.1245948076248169,-0.04019181802868843,0.09186109155416489,-0.11987880617380142,-0.135227233171463,-0.11088507622480392,-0.06775935739278793,0.04365772753953934,0.02138998731970787,0.021781401708722115,0.018914194777607918,-0.08308756351470947,-0.3747333884239197,-0.13831405341625214,-0.09508270025253296,-0.021209504455327988,-0.057472679764032364,0.03792323172092438,0.016949055716395378,-0.2015698403120041,-0.08103561401367188,-0.0429769828915596,0.07846884429454803,0.04324917867779732,0.03712685406208038,0.12158600986003876,0.02704598754644394,-0.13445353507995605,-0.07655099779367447,0.07254316657781601,0.3145771324634552,0.16983242332935333,0.03848123177886009,-0.00956668145954609,0.015446958132088184,0.038381610065698624,-0.21749308705329895,0.014318354427814484,0.07319048047065735,0.08950117230415344,0.020636005327105522,0.16489095985889435,-0.07895462960004807,0.03282295912504196,0.038853973150253296,-0.1814480721950531,0.04758288338780403,0.0015935706906020641,-0.0318792462348938,-0.062025122344493866,0.0398431196808815,0.1957964152097702,0.08430309593677521,-0.05186057835817337,-0.11377972364425659,0.20953820645809174,-0.20417241752147675,0.01287989504635334,0.029290445148944855,-0.07312361896038055,-0.1524122804403305,-0.238762766122818,0.019316857680678368,0.45870664715766907,0.155874103307724,-0.09860081225633621,0.08889517933130264,-0.14559805393218994,-0.06964495778083801,0.10074647516012192,-0.05147688835859299,-0.06938791275024414,0.08653504401445389,-0.15167325735092163,0.10763320326805115,0.15844681859016418,0.014951411634683609,-0.046779654920101166,0.15827111899852753,-0.04194270074367523,-0.010436794720590115,0.06430615484714508,-0.03901652246713638,-0.08341643214225769,0.05163608118891716,-0.17861664295196533,-0.011535409837961197,0.0832628533244133,-0.11035728454589844,0.003160223364830017,0.034164316952228546,-0.13348045945167542,0.055214863270521164,0.05162278562784195,-0.03918808326125145,-0.04291209578514099,0.09633904695510864,-0.2040829360485077,-0.04384014382958412,0.12294472008943558,-0.19977718591690063,0.19562561810016632,0.1652170717716217,-0.06278222799301147,0.1357140839099884,0.06516489386558533,0.03380516171455383,0.014544523321092129,-0.050338853150606155,-0.08350016176700592,-0.08768927305936813,-0.004234890453517437,0.0040415264666080475,0.09778100252151489,0.03011040762066841
-0.17161838710308075,0.06284327805042267,0.04364246129989624,-0.05948084220290184,-0.01241274829953909,-0.11848901957273483,0.02952825091779232,-0.10470413416624069,0.13740530610084534,-0.125457763671875,0.1798141747713089,0.013344088569283485,-0.16953091323375702,-0.12901954352855682,-0.07721712440252304,0.06827408075332642,-0.12371371686458588,-0.11545450240373611,-0.13509736955165863,-0.08621317893266678,0.042598869651556015,0.04361749812960625,-0.004389457870274782,-0.014245504513382912,-0.06136365234851837,-0.3565405011177063,-0.14735807478427887,-0.08681763708591461,-0.04139304161071777,-0.08260989189147949,0.0555504634976387,-0.009193571284413338,-0.22422513365745544,-0.09361191093921661,-0.04452593997120857,0.09145324677228928,0.01996404305100441,0.03998764604330063,0.11125122010707855,0.03790690004825592,-0.115286685526371,-0.03569641336798668,0.08297009021043777,0.30545100569725037,0.20100249350070953,0.041898466646671295,-0.018055370077490807,9.763892740011215e-05,0.05802638828754425,-0.21182289719581604,0.0075670210644602776,0.0676647424697876,0.09456624835729599,0.034671999514102936,0.15136943757534027,-0.08040973544120789,0.02182769775390625,0.04481028765439987,-0.1660987287759781,0.04774168133735657,0.0010806010104715824,-0.09299655258655548,-0.05837341398000717,0.06460633873939514,0.2053072154521942,0.07757341861724854,-0.07106766104698181,-0.11265482008457184,0.2073349952697754,-0.20150569081306458,0.0071838716976344585,0.014270938001573086,-0.05243326351046562,-0.13755273818969727,-0.27243876457214355,0.06595245748758316,0.47111976146698,0.1252366006374359,-0.09866001456975937,0.08155609667301178,-0.17025132477283478,-0.05601640045642853,0.09686015546321869,-0.030294371768832207,-0.0740569457411766,0.08391311764717102,-0.14678095281124115,0.10477016121149063,0.16774694621562958,0.017849814146757126,-0.061159897595644,0.15434029698371887,-0.05790954455733299,0.011546445079147816,0.07211814820766449,-0.01171985361725092,-0.09912951290607452,0.03418197110295296,-0.14379021525382996,0.009211121127009392,0.09505206346511841,-0.1291196197271347,0.010458115488290787,0.05867868661880493,-0.10636096447706223,0.05739547684788704,0.024074913933873177,-0.04295309633016586,-0.06044775992631912,0.03827289119362831,-0.17023436725139618,-0.02949560433626175,0.11724843829870224,-0.22264906764030457,0.2297658771276474,0.16403087973594666,-0.0813455581665039,0.1561840921640396,0.08335813134908676,0.02540966309607029,0.0074311550706624985,-0.03690642490983009,-0.08343248069286346,-0.089214988052845,-0.016909506171941757,0.03590885549783707,0.11105965077877045,0.02972308173775673
-0.14103803038597107,0.08818080276250839,0.04507258161902428,-0.04559864476323128,0.00898835714906454,-0.09843255579471588,0.025184355676174164,-0.08383982628583908,0.15605124831199646,-0.14332306385040283,0.17941032350063324,0.024670055136084557,-0.19547350704669952,-0.16417860984802246,-0.024686196818947792,0.08634265512228012,-0.1285456418991089,-0.14751161634922028,-0.13586537539958954,-0.08509203791618347,0.015482254326343536,0.004399137571454048,0.0503302626311779,-0.004979431629180908,-0.10048588365316391,-0.3978569805622101,-0.10662071406841278,-0.08269616961479187,-0.02798362262547016,-0.06654760986566544,0.03645794466137886,0.0014530809130519629,-0.21530011296272278,-0.0858009085059166,-0.05550963804125786,0.08029474318027496,0.014701887033879757,0.031192317605018616,0.12941354513168335,0.04597631096839905,-0.12687484920024872,-0.049691274762153625,0.06963219493627548,0.31268054246902466,0.21749550104141235,0.04684608429670334,-0.004796871915459633,-0.0070145027711987495,0.0694812461733818,-0.2283705323934555,0.018153879791498184,0.0634765625,0.0755862295627594,0.029834866523742676,0.16785813868045807,-0.08451337367296219,0.017251526936888695,0.035276323556900024,-0.18841539323329926,0.009141219779849052,-0.05142929032444954,-0.022710390388965607,-0.05310310423374176,0.017427247017621994,0.20752370357513428,0.07901033759117126,-0.06275644898414612,-0.08958162367343903,0.19393157958984375,-0.19710807502269745,0.028506826609373093,0.029743704944849014,-0.060572415590286255,-0.13716496527194977,-0.27279946208000183,0.03640002757310867,0.4544536769390106,0.14273978769779205,-0.05603949353098869,0.06851368397474289,-0.14310631155967712,-0.10738296806812286,0.050508011132478714,-0.0347575917840004,-0.10858260095119476,0.07869866490364075,-0.10282152146100998,0.12612541019916534,0.1517053097486496,0.029179921373724937,-0.0640011876821518,0.1521812528371811,-0.04876791685819626,0.011734774336218834,0.054968465119600296,-0.029583580791950226,-0.1159471794962883,0.0664665549993515,-0.17105454206466675,-0.012514404952526093,0.07083546370267868,-0.12925755977630615,0.03442913666367531,0.04002128913998604,-0.1448148787021637,0.05276107415556908,0.046322789043188095,-0.044145308434963226,-0.018464624881744385,0.08809380233287811,-0.18497154116630554,-0.05717074126005173,0.10465593636035919,-0.22961996495723724,0.1926666796207428,0.19507984817028046,-0.03371043503284454,0.1427670419216156,0.07237185537815094,0.010762609541416168,0.007044026628136635,-0.015322360210120678,-0.07853517681360245,-0.0613197460770607,-0.00798136554658413,0.014619577676057816,0.11243054270744324,0.039894212037324905
-0.14616113901138306,0.05532482638955116,0.049187786877155304,-0.022327512502670288,-0.004426995757967234,-0.12062016129493713,0.03671516105532646,-0.06157107278704643,0.12889304757118225,-0.1260514110326767,0.17019228637218475,-0.014293661341071129,-0.18711400032043457,-0.14318421483039856,-0.02816281095147133,0.09350533783435822,-0.13275252282619476,-0.1289547085762024,-0.11856496334075928,-0.07204002141952515,0.031176114454865456,0.03067973628640175,0.048740725964307785,0.0044268048368394375,-0.09613646566867828,-0.41208338737487793,-0.12529055774211884,-0.09006303548812866,-0.031480103731155396,-0.04414871707558632,0.03272036835551262,0.03838286176323891,-0.20823130011558533,-0.09840051084756851,-0.030374296009540558,0.07574954628944397,0.03636729344725609,0.036780353635549545,0.12592872977256775,0.03558263182640076,-0.12747296690940857,-0.047613076865673065,0.08205115795135498,0.33778154850006104,0.1832745373249054,0.042356446385383606,0.0052352529019117355,-0.008418677374720573,0.052179381251335144,-0.20123103260993958,0.015329448506236076,0.06292832642793655,0.08075324445962906,0.011255542747676373,0.1554340422153473,-0.05978560447692871,0.028155095875263214,0.057255372405052185,-0.1939159333705902,0.02966221049427986,-0.023355912417173386,-0.018884124234318733,-0.02619147300720215,0.00886223278939724,0.19331805408000946,0.05289377644658089,-0.04692656919360161,-0.10665280371904373,0.1723783016204834,-0.20900648832321167,0.02912094071507454,0.019544782117009163,-0.0746864303946495,-0.14845696091651917,-0.28276169300079346,0.027081463485956192,0.44380947947502136,0.13234423100948334,-0.07095838338136673,0.08592648059129715,-0.11964781582355499,-0.10974686592817307,0.09235402941703796,-0.016242526471614838,-0.09311321377754211,0.0875796377658844,-0.12371836602687836,0.12474982440471649,0.1670355647802353,0.012147624045610428,-0.04832372069358826,0.14496110379695892,-0.04193519800901413,-0.0137641541659832,0.06880062818527222,-0.05035661533474922,-0.11596514284610748,0.06759641319513321,-0.17931242287158966,0.005672486498951912,0.044022656977176666,-0.12965825200080872,0.018320100381970406,0.04159662872552872,-0.13450361788272858,0.03726569190621376,0.03262873366475105,-0.06027524918317795,-0.040684863924980164,0.07410614937543869,-0.1969706118106842,-0.0728207379579544,0.10780976712703705,-0.20032405853271484,0.15500399470329285,0.18280883133411407,-0.036487504839897156,0.1476394683122635,0.06082528457045555,0.027149537578225136,-0.006021655164659023,-0.0023887278512120247,-0.09164357930421829,-0.041512630879879,0.024298381060361862,0.012708306312561035,0.10979030281305313,0.022101208567619324
